income_tax_rate,corporate_tax_rate,ubi_amount,tier_scale,final_treasury,avg_deficit_last20,gini_assets,means_tested_poverty_rate,unemployment_rate,tax_revenue,ubi_spending,targeted_spending,score
0.16,0.28,40.0,0.35,1076727.7474345944,7677.640062313745,0.831921179302625,0.8513818822672315,0.6281991894033301,97970.62660435292,30364.666666666668,75283.59999999999,-0.20355375913051305
0.16,0.28,60.0,0.25,1282888.359758533,8899.996707368422,0.836554071870525,0.8512614057756135,0.6314302848575712,92594.00329263158,46164.0,55330.0,-0.16377379025580235
0.16,0.24,40.0,0.25,1740790.6693236784,-2849.86927198655,0.8510116469299982,0.8478180958095961,0.6039380808985382,87732.86927198654,30550.0,54333.0,-0.14441623418481664
0.16,0.28,80.0,0.25,432587.3527966247,17192.178885236845,0.823518201652382,0.8648149050796926,0.6413871568348156,95307.48778142982,59674.666666666664,52825.0,-0.131960191177818
0.24,0.28,80.0,0.25,1972011.9580113895,-1843.2870777817318,0.8579328639228662,0.8495224236374016,0.6013983425462895,117311.62041111506,60977.333333333336,54491.0,-0.10954609851404605
0.16,0.24,40.0,0.35,395387.2538374304,17093.70346556201,0.831921179302625,0.8513818822672315,0.6281991894033301,88554.56320110465,30364.666666666668,75283.59999999999,-0.10939312509803045
0.16,0.2,40.0,0.25,1058286.9006926268,6437.547627211315,0.8510116469299982,0.8478180958095961,0.6039380808985382,78445.45237278868,30550.0,54333.0,-0.10853945063256898
0.2,0.28,100.0,0.25,139069.57343724216,25940.161840258177,0.8231559873114557,0.8355549229808569,0.6106967401486495,105111.50482640846,76451.66666666667,54600.0,-0.10517361187083402
0.24,0.28,60.0,0.35,1536470.3993346086,7028.293753569192,0.852909545520645,0.8523666182996794,0.5898353481677759,116662.20624643081,46274.0,77416.5,-0.08214755284494268
0.16,0.24,60.0,0.25,612755.1258235434,17775.714406253242,0.836554071870525,0.8512614057756135,0.6314302848575712,83718.28559374675,46164.0,55330.0,-0.07501661326695419
0.2,0.28,60.0,0.25,1931784.962796056,206.6021104215864,0.8561765765961807,0.8693222400319915,0.6755853747615892,102722.39788957841,46706.0,56223.0,-0.0584729772161964
0.24,0.24,40.0,0.35,1522920.5180171535,2024.3263118732093,0.8689794691872974,0.8430411469562099,0.6073219284287884,105996.30702146013,30727.333333333332,77293.3,-0.05441862794892721
0.16,0.28,40.0,0.25,2423294.43795474,-12137.286171184422,0.8510116469299982,0.8478180958095961,0.6039380808985382,97020.2861711844,30550.0,54333.0,-0.05154206519283791
0.24,0.24,80.0,0.25,1269097.8681286715,7853.930022948338,0.8579328639228662,0.8495224236374016,0.6013983425462895,107614.403310385,60977.333333333336,54491.0,-0.04943966906237998
0.24,0.2,60.0,0.25,1413351.7808733396,1274.7993761332298,0.8699979567725945,0.8482781185259324,0.6093874715545987,98454.70062386675,45560.0,54169.5,-0.045329028655099454
0.24,0.28,100.0,0.25,847726.7743662838,15352.799059696772,0.8460564273253096,0.85021455234161,0.6191420597514815,116162.03427363657,76628.33333333333,54886.5,-0.04432534087181808
0.2,0.28,80.0,0.25,1090899.476576714,13003.375353308986,0.8455573098875758,0.8637558788920906,0.6262210904233113,104015.45798002434,61793.333333333336,55225.5,-0.04373162946113754
0.2,0.2,40.0,0.25,1669363.6727394564,-1427.7145569662987,0.8640362220441012,0.8727441288337494,0.6529080760699612,87380.38122363297,30702.666666666668,55250.0,-0.026276150497152595
0.2,0.28,40.0,0.35,1534411.9372800793,7033.38671955369,0.8551949168264065,0.87429829837378,0.6613861196405463,102914.24661377963,31149.333333333332,78798.3,-0.007441855741508352
0.24,0.28,40.0,0.35,2201170.4778536805,-7527.989931725523,0.8689794691872974,0.8430411469562099,0.6073219284287884,115548.62326505885,30727.333333333332,77293.3,0.0006180082495959305
0.24,0.24,60.0,0.35,834966.1117405255,16674.955533242453,0.852909545520645,0.8523666182996794,0.5898353481677759,107015.54446675755,46274.0,77416.5,0.014319064951789917
0.2,0.28,40.0,0.45,265879.7842491344,25717.756567817447,0.8384886024232726,0.8507420682625243,0.6429356974574387,106027.0100988492,31098.666666666668,100646.09999999999,0.014972316638995176
0.16,0.28,60.0,0.35,-31002.860210840165,30080.85770583714,0.8213570247085937,0.856599042918542,0.6643211937488753,92134.04229416286,45777.0,76437.90000000001,0.02001246187730743
0.2,0.28,60.0,0.35,691758.7422430901,20096.443870267645,0.8419927860371645,0.863475621063685,0.6608668530598272,105847.85612973235,47006.0,78938.3,0.021551676538910935
0.24,0.24,60.0,0.25,2105586.278603304,-8469.07349072161,0.8699979567725945,0.8482781185259324,0.6093874715545987,108198.5734907216,45560.0,54169.5,0.02661371249078434
0.2,0.24,60.0,0.25,1252508.0936855238,9316.540611579345,0.8561765765961807,0.8693222400319915,0.6755853747615892,93612.45938842064,46706.0,56223.0,0.032626407795381174
0.24,0.2,40.0,0.35,844670.5581806195,11576.64255547193,0.8689794691872974,0.8430411469562099,0.6073219284287884,96443.9907778614,30727.333333333332,77293.3,0.04110453448706
0.24,0.2,80.0,0.25,566183.7782459486,17551.14712367839,0.8579328639228662,0.8495224236374016,0.6013983425462895,97917.18620965494,60977.333333333336,54491.0,0.047532501944920535
0.2,0.24,80.0,0.25,407991.40089573927,22212.442071440277,0.8455573098875758,0.8637558788920906,0.6262210904233113,94806.39126189305,61793.333333333336,55225.5,0.04835903772017536
0.24,0.24,100.0,0.25,161506.93427566046,24932.18690191642,0.8460564273253096,0.85021455234161,0.6191420597514815,106582.64643141691,76628.33333333333,54886.5,0.05146853755037839
0.2,0.24,40.0,0.25,2357019.449416565,-10843.544004029334,0.8640362220441012,0.8727441288337494,0.6529080760699612,96796.210670696,30702.666666666668,55250.0,0.06788214397347778
0.16,0.2,60.0,0.25,-57378.10811143905,26651.432105138054,0.836554071870525,0.8512614057756135,0.6314302848575712,74842.56789486195,46164.0,55330.0,0.07111867183333304
0.24,0.28,40.0,0.45,757113.9154435197,19631.839333834447,0.8531187879225728,0.8659026448995101,0.6545019657654144,111125.9939994989,30745.333333333332,100012.5,0.07896835921705936
0.2,0.24,40.0,0.35,854704.7690141839,16164.840178479715,0.8551949168264065,0.87429829837378,0.6613861196405463,93782.79315485363,31149.333333333332,78798.3,0.08387267884775185
0.28,0.28,40.0,0.45,1611823.7214760997,4631.5890349993015,0.884583627249793,0.853851548115498,0.5996352155113783,122209.4109650007,29884.0,96957.0,0.08689974997588351
0.28,0.28,60.0,0.35,1880847.618511175,-1011.7471951076004,0.8839926430137943,0.87946295785363,0.6270573745124848,121642.64719510761,45026.0,75604.90000000001,0.09837824563723849
0.28,0.2,60.0,0.25,1830723.5828136795,-3352.0939996447196,0.8937919796724355,0.8453936937093678,0.5690483142150277,100423.59399964473,44013.0,53058.5,0.10229875803719243
0.28,0.28,80.0,0.35,864837.0654235213,18169.542403297983,0.8680544302978767,0.8468252844940514,0.6089081689856172,120386.69093003536,61117.333333333336,77438.90000000001,0.10905157470447896
0.24,0.2,60.0,0.35,133461.8241464387,26321.617312915707,0.852909545520645,0.8523666182996794,0.5898353481677759,97368.8826870843,46274.0,77416.5,0.11078568274852246
0.28,0.28,60.0,0.45,523948.97010935796,22267.31018682767,0.8612667358332947,0.8482170995614151,0.6104680773984571,123729.68981317233,46214.0,99783.0,0.11208671588701169
0.28,0.2,40.0,0.35,1561237.8047547822,1973.5386024829295,0.8916782518159247,0.8584876693438757,0.6029365322215113,103340.66139751708,29878.0,75436.2,0.11215923550426557
0.2,0.24,60.0,0.35,3566.5304448990596,29462.664049825125,0.8419927860371645,0.863475621063685,0.6608668530598272,96481.63595017488,47006.0,78938.3,0.11521387833448576
0.28,0.28,100.0,0.25,1251225.399060527,11723.928745484563,0.8752712945351883,0.8634683170837554,0.6277606849711607,118543.07125451544,75610.0,54657.0,0.1211826887296224
0.28,0.28,100.0,0.35,96265.24443163145,30436.515428237908,0.8473668380794678,0.8540212798825367,0.6236901041126752,118483.65123842876,74331.66666666667,74588.5,0.12198774242039567
0.24,0.28,80.0,0.35,387364.1993459533,25782.712315502577,0.8456401486394037,0.874603329786269,0.6608803280925257,112993.65435116408,61362.666666666664,77413.7,0.12257416659891113
0.2,0.2,60.0,0.25,573231.2245749906,18426.47911273709,0.8561765765961807,0.8693222400319915,0.6755853747615892,84502.5208872629,46706.0,56223.0,0.12372579280695867
0.24,0.28,60.0,0.25,2797820.7763332664,-18212.946357576468,0.8699979567725945,0.8482781185259324,0.6093874715545987,117942.44635757647,45560.0,54169.5,0.1240524411593329
0.28,0.24,80.0,0.25,1489142.2393613402,3889.936392784713,0.8871408851164292,0.875636713363893,0.6309834172868536,110945.73027388197,60278.666666666664,54557.0,0.1383971012503448
0.24,0.28,60.0,0.45,103251.38773927272,33653.897200111765,0.841813900839366,0.8638007030670535,0.6455997323353438,112229.20279988823,46218.0,99665.09999999999,0.1404027830675572
0.28,0.28,80.0,0.25,2157433.3036914645,-5343.778182943647,0.8871408851164292,0.875636713363893,0.6309834172868536,120179.44484961033,60278.666666666664,54557.0,0.15293551915193415
0.28,0.28,40.0,0.55,288540.6335227687,25890.877104101073,0.8633019444150487,0.8448811497968939,0.5993792777554406,124044.82289589893,30270.0,119665.7,0.15386173702122719
0.2,0.28,40.0,0.25,3044675.22609367,-20259.373451092386,0.8640362220441012,0.8727441288337494,0.6529080760699612,106212.04011775904,30702.666666666668,55250.0,0.16204043844410831
0.28,0.24,40.0,0.35,2246064.0195153323,-7433.249001253494,0.8916782518159247,0.8584876693438757,0.6029365322215113,112747.44900125348,29878.0,75436.2,0.16675633949197122
0.24,0.24,40.0,0.45,85520.86825832857,28802.020017172294,0.8531187879225728,0.8659026448995101,0.6545019657654144,101955.81331616105,30745.333333333332,100012.5,0.17067016605043783
0.28,0.24,60.0,0.35,1204347.7945037386,8350.50847569402,0.8839926430137943,0.87946295785363,0.6270573745124848,112280.39152430597,45026.0,75604.90000000001,0.17176585844310266
0.2,0.2,40.0,0.35,174997.60074828417,25296.293637405728,0.8551949168264065,0.87429829837378,0.6613861196405463,84651.33969592761,31149.333333333332,78798.3,0.175187213437012
0.28,0.24,40.0,0.45,926924.9006906523,14042.006939980549,0.884583627249793,0.853851548115498,0.5996352155113783,112798.99306001945,29884.0,96957.0,0.18100392902569598
0.28,0.24,60.0,0.25,2499481.4025076027,-12471.499171635345,0.8937919796724355,0.8453936937093678,0.5690483142150277,109542.99917163533,44013.0,53058.5,0.19349280975709868
0.16,0.24,80.0,0.25,-236481.80546970307,26322.258995726796,0.823518201652382,0.8648149050796926,0.6413871568348156,86177.40767093987,59674.666666666664,52825.0,0.19582241539678458
0.28,0.24,80.0,0.35,188206.7446718777,27464.82394773069,0.8680544302978767,0.8468252844940514,0.6089081689856172,111091.40938560264,61117.333333333336,77438.90000000001,0.202004390148806
0.28,0.24,100.0,0.25,584286.6919827256,20842.405658391122,0.8752712945351883,0.8634683170837554,0.6277606849711607,109424.59434160888,75610.0,54657.0,0.212367457858688
0.24,0.2,40.0,0.25,2012406.7044269498,-10937.204272680507,0.8902762190328101,0.8727446190132757,0.6140059507978944,94514.37093934715,29900.666666666668,53676.5,0.22189759484635335
0.28,0.2,80.0,0.25,820851.1750312261,13123.65096851306,0.8871408851164292,0.875636713363893,0.6309834172868536,101712.0156981536,60278.666666666664,54557.0,0.23073424700762823
0.16,0.28,100.0,0.25,-420694.59947392443,30076.39039509046,0.8078316056777582,0.8229570219045906,0.5390494628702545,97460.60960490955,75015.0,52522.0,0.2397411811966963
0.28,0.2,40.0,0.25,2638883.806268398,-19105.332979504026,0.8969433446162635,0.839807939239953,0.5692710644377778,101964.66631283735,29565.333333333332,53294.0,0.24865963889695591
0.28,0.28,40.0,0.35,2930890.234275878,-16840.03660498993,0.8916782518159247,0.8584876693438757,0.6029365322215113,122154.23660498993,29878.0,75436.2,0.26082421552933555
0.28,0.2,60.0,0.35,527847.9704962977,17712.76414649563,0.8839926430137943,0.87946295785363,0.6270573745124848,102918.13585350437,45026.0,75604.90000000001,0.2653884151511188
0.16,0.2,40.0,0.35,-285953.23975973,26509.766868810257,0.831921179302625,0.8513818822672315,0.6281991894033301,79138.49979785639,30364.666666666668,75283.59999999999,0.27072074869418206
0.28,0.2,40.0,0.45,242026.07990520753,23452.424844961788,0.884583627249793,0.853851548115498,0.5996352155113783,103388.57515503821,29884.0,96957.0,0.2751081080755084
0.2,0.28,80.0,0.35,-289824.8770523243,33617.27862735966,0.8208723074440788,0.8522274890807612,0.6267052805626739,104379.65470597368,61425.333333333336,76571.59999999999,0.2810654860480525
0.28,0.28,60.0,0.25,3168239.2222015257,-21590.90434362598,0.8937919796724355,0.8453936937093678,0.5690483142150277,118662.40434362598,44013.0,53058.5,0.28468686147700506
0.24,0.24,40.0,0.25,2669163.8813827555,-20305.72519132587,0.8902762190328101,0.8727446190132757,0.6140059507978944,103882.89185799255,29900.666666666668,53676.5,0.315582804032807
0.28,0.24,40.0,0.25,3299866.0366667993,-28373.590820130048,0.8969433446162635,0.839807939239953,0.5692710644377778,111232.92415346338,29565.333333333332,53294.0,0.3413422173032161
0.28,0.24,60.0,0.45,-159713.06195348984,31820.59864242833,0.8612667358332947,0.8482170995614151,0.6104680773984571,114176.40135757167,46214.0,99783.0,0.3673326623965081
0.28,0.2,100.0,0.25,-82652.01509507182,29960.88257129767,0.8752712945351883,0.8634683170837554,0.6277606849711607,100306.11742870235,75610.0,54657.0,0.3862042420828253
0.24,0.28,40.0,0.25,3325921.0583385634,-29674.24610997125,0.8902762190328101,0.8727446190132757,0.6140059507978944,113251.41277663792,29900.666666666668,53676.5,0.40926801321926076
0.16,0.28,40.0,0.45,-428268.458657745,37196.13762818241,0.8148405843411045,0.8496377116808348,0.6371038485497668,92987.62903848424,30878.666666666668,99305.09999999999,0.41392776424400224
0.2,0.2,80.0,0.25,-274916.6747852411,31421.508789571555,0.8455573098875758,0.8637558788920906,0.6262210904233113,85597.32454376177,61793.333333333336,55225.5,0.4153663796867293
0.28,0.28,40.0,0.25,3960848.267065199,-37641.848660756084,0.8969433446162635,0.839807939239953,0.5692710644377778,120501.18199408943,29565.333333333332,53294.0,0.4340247957094765
0.24,0.24,80.0,0.35,-298271.99435632024,35097.562613824186,0.8456401486394037,0.874603329786269,0.6608803280925257,103678.80405284249,61362.666666666664,77413.7,0.5139946639384474
0.24,0.28,100.0,0.35,-463661.2256337155,37105.79905969677,0.8273523613658442,0.8478969731492206,0.6191420597514815,116162.03427363657,76628.33333333333,76639.5,0.5200063306203263
0.2,0.24,100.0,0.25,-539726.3738941433,35267.083621534235,0.8231559873114557,0.8355549229808569,0.6106967401486495,95784.58304513244,76451.66666666667,54600.0,0.5278219798360698
0.2,0.24,40.0,0.45,-419425.35507655423,35133.636800663764,0.8384886024232726,0.8507420682625243,0.6429356974574387,96611.1298660029,31098.666666666668,100646.09999999999,0.5285564740440125
0.24,0.28,40.0,0.55,-411196.7930706907,40635.49644668849,0.8293963058412702,0.8568793028453151,0.6543472000486891,114379.90355331152,31228.0,123787.40000000001,0.5395879982449971
0.2,0.28,60.0,0.45,-644344.2609088958,35978.6251516476,0.8173874854839923,0.8562261497099076,0.6477539299074693,109161.0748483524,46452.0,98687.7,0.6462867246452773
0.28,0.24,40.0,0.55,-400967.8718462785,35469.77380440117,0.8633019444150487,0.8448811497968939,0.5993792777554406,114465.92619559883,30270.0,119665.7,0.6506185758705066
0.28,0.28,80.0,0.45,-444541.8889436551,39190.49012165685,0.8494730947986987,0.8475232207501987,0.6171560132035844,120901.20987834316,61044.0,99047.7,0.6537108003489497
0.24,0.2,100.0,0.25,-524712.9058149621,34511.57474413605,0.8460564273253096,0.85021455234161,0.6191420597514815,97003.25858919728,76628.33333333333,54886.5,0.6719753217875368
0.16,0.24,60.0,0.35,-700290.6611696555,38914.30375591335,0.8213570247085937,0.856599042918542,0.6643211937488753,83300.59624408664,45777.0,76437.90000000001,0.777634723336885
0.28,0.2,80.0,0.35,-488423.57607977145,36760.10549216337,0.8680544302978767,0.8468252844940514,0.6089081689856172,101796.12784116995,61117.333333333336,77438.90000000001,0.7833807816729043
0.28,0.24,100.0,0.35,-577994.590791814,39534.685253259384,0.8473668380794678,0.8540212798825367,0.6236901041126752,109385.4814134073,74331.66666666667,74588.5,0.7909640314624244
0.24,0.24,60.0,0.45,-589431.951837155,42916.00727306228,0.841813900839366,0.8638007030670535,0.6455997323353438,102967.09272693773,46218.0,99665.09999999999,0.8224558356342173
0.24,0.2,40.0,0.45,-586072.178926858,37972.200700510126,0.8531187879225728,0.8659026448995101,0.6545019657654144,92785.6326328232,30745.333333333332,100012.5,0.848444151810674
0.2,0.2,60.0,0.35,-684625.6813532844,38828.884229382595,0.8419927860371645,0.863475621063685,0.6608668530598272,87115.4157706174,47006.0,78938.3,0.8935017614833447
0.16,0.28,80.0,0.35,-983100.2616269132,39403.672774399056,0.8100466990871732,0.8266196733308663,0.5738139005602241,95900.76055893429,60353.333333333336,74951.09999999999,0.916035530451812
0.16,0.2,80.0,0.25,-905550.9637360335,35452.339106216736,0.823518201652382,0.8648149050796926,0.6413871568348156,77047.32756044994,59674.666666666664,52825.0,0.9561923747680146
0.24,0.28,80.0,0.45,-848518.4190572649,45396.652265627636,0.8223168534511647,0.8578498381352343,0.6198423398635263,113816.5810677057,60941.333333333336,98271.90000000001,0.9774647385871342
0.28,0.28,60.0,0.55,-816119.5764413684,44777.53751436368,0.8383109387891704,0.8406591533279202,0.6095938400794516,123454.76248563633,46228.0,122004.3,1.0004578908720045
0.16,0.24,100.0,0.25,-1090501.063541658,39399.47715106715,0.8078316056777582,0.8229570219045906,0.5390494628702545,88137.52284893284,75015.0,52522.0,1.0027785128241968
0.2,0.24,80.0,0.35,-968821.9989776477,42869.628079109534,0.8208723074440788,0.8522274890807612,0.6267052805626739,95127.3052542238,61425.333333333336,76571.59999999999,1.0525861024908747
0.2,0.28,40.0,0.55,-1097390.3794301213,48627.98624608023,0.8069859054245478,0.8330873033587592,0.6061758227650208,105861.68042058643,31388.666666666668,123101.0,1.1171392810518654
0.28,0.2,60.0,0.45,-843375.0940163314,41373.88709802897,0.8612667358332947,0.8482170995614151,0.6104680773984571,104623.11290197102,46214.0,99783.0,1.1465275790153562
0.16,0.24,40.0,0.45,-1099095.3859257635,46106.539993718754,0.8148405843411045,0.8496377116808348,0.6371038485497668,84077.2266729479,30878.666666666668,99305.09999999999,1.173858715167384
0.2,0.28,100.0,0.35,-1179439.8554193832,48818.133886232674,0.8051545816422365,0.825468412557278,0.565176765031139,103553.29944710065,76468.33333333333,75903.09999999999,1.1748645091458214
0.16,0.28,60.0,0.45,-1267141.1275419458,45544.93623549858,0.797151827618654,0.8485011945030889,0.6223040741095366,95283.16376450141,45096.0,95732.09999999999,1.2278828445111698
0.24,0.2,80.0,0.35,-983908.188058592,44412.41291214577,0.8456401486394037,0.874603329786269,0.6608803280925257,94363.9537545209,61362.666666666664,77413.7,1.292779360623935
0.2,0.2,100.0,0.25,-1218522.3212255314,44594.00540281028,0.8231559873114557,0.8355549229808569,0.6106967401486495,86457.66126385638,76451.66666666667,54600.0,1.2998871449802185
0.24,0.24,100.0,0.35,-1149881.06572434,46685.18690191642,0.8273523613658442,0.8478969731492206,0.6191420597514815,106582.64643141691,76628.33333333333,76639.5,1.3020200491331473
0.2,0.2,40.0,0.45,-1104730.494402246,44549.51703351006,0.8384886024232726,0.8507420682625243,0.6429356974574387,87195.2496331566,31098.666666666668,100646.09999999999,1.3080204156981674
0.24,0.24,40.0,0.55,-1099356.5278676047,50099.77264691761,0.8293963058412702,0.8568793028453151,0.6543472000486891,104915.62735308237,31228.0,123787.40000000001,1.3223904950442023
0.28,0.28,100.0,0.45,-1169576.8999423068,48138.11198948626,0.8269928925974748,0.8469893742621015,0.5779725115200827,120788.48801051376,74090.0,94836.59999999999,1.3322731238423575
0.28,0.24,80.0,0.45,-1121857.8961505645,48520.05598885248,0.8494730947986987,0.8475232207501987,0.6171560132035844,111571.64401114754,61044.0,99047.7,1.4243224662278153
0.2,0.24,60.0,0.45,-1326690.0194591542,45673.459999211576,0.8173874854839923,0.8562261497099076,0.6477539299074693,99466.24000078841,46452.0,98687.7,1.4255808316711756
0.28,0.2,40.0,0.55,-1090476.3772153228,45048.67050470126,0.8633019444150487,0.8448811497968939,0.5993792777554406,104887.02949529875,30270.0,119665.7,1.4359160482425517
0.16,0.2,60.0,0.35,-1369578.4621284695,47747.74980598955,0.8213570247085937,0.856599042918542,0.6643211937488753,74467.15019401045,45777.0,76437.90000000001,1.5352569847964608
0.28,0.2,100.0,0.35,-1252254.4260152578,48632.855078280845,0.8473668380794678,0.8540212798825367,0.6236901041126752,100287.31158838583,74331.66666666667,74588.5,1.556205564936083
0.24,0.28,60.0,0.55,-1327427.0632157947,55034.27544359002,0.8171267561842971,0.877977766811011,0.6612463111175159,112487.92455640998,46025.0,121497.2,1.5787343549519097
0.24,0.2,60.0,0.45,-1282115.2914135782,52178.11734601277,0.841813900839366,0.8638007030670535,0.6455997323353438,93704.98265398723,46218.0,99665.09999999999,1.6077602759401455
0.16,0.24,80.0,0.35,-1645882.446714626,48583.09217340258,0.8100466990871732,0.8266196733308663,0.5738139005602241,86721.34115993074,60353.333333333336,74951.09999999999,1.6706119095295604
0.16,0.28,40.0,0.55,-1694388.6085439958,55775.02935328775,0.7913145795875396,0.8425735466056764,0.6258580694545162,94210.23731337891,30540.666666666668,119444.59999999999,1.7105524727096002
0.2,0.28,80.0,0.45,-1625838.2158515083,57121.8185184246,0.8014098424291557,0.841423456833704,0.6301018459519798,102407.41481490871,61293.333333333336,98235.90000000001,1.713741369174233
0.16,0.28,100.0,0.35,-1784750.3154161007,52014.65597119199,0.7949240390314539,0.8181957914634873,0.5920388871840871,98934.51069547469,76171.66666666667,74777.5,1.736211692139855
0.24,0.24,80.0,0.45,-1538675.0116594124,54782.06838083386,0.8223168534511647,0.8578498381352343,0.6198423398635263,104431.16495249949,60941.333333333336,98271.90000000001,1.7614754923413445
0.16,0.2,100.0,0.25,-1760307.5276093895,48722.56390704383,0.8078316056777582,0.8229570219045906,0.5390494628702545,78814.43609295618,75015.0,52522.0,1.7658158444516954
0.28,0.24,60.0,0.55,-1499735.0203275513,54328.496561131295,0.8383109387891704,0.8406591533279202,0.6095938400794516,113903.80343886871,46228.0,122004.3,1.7795829252258633
0.2,0.2,80.0,0.35,-1647819.1209029735,52121.97753085939,0.8208723074440788,0.8522274890807612,0.6267052805626739,85874.95580247395,61425.333333333336,76571.59999999999,1.8241067189336995
0.24,0.28,100.0,0.45,-1791123.0439672032,58058.58008678549,0.8012460531465809,0.8212072635814294,0.5845334023559969,116108.91991321451,76585.0,97582.5,1.846978690773539
0.2,0.28,60.0,0.55,-1866269.690370138,58045.81050179253,0.787728638952968,0.8409410169728057,0.6136818215319554,106167.48949820746,45828.0,118385.3,1.8803606629476188
0.2,0.24,40.0,0.55,-1781568.1222631745,57988.83063739009,0.8069859054245478,0.8330873033587592,0.6061758227650208,96500.83602927656,31388.666666666668,123101.0,1.8949254677980178
0.16,0.2,40.0,0.45,-1769922.3131937822,55016.94235925508,0.8148405843411045,0.8496377116808348,0.6371038485497668,75166.82430741157,30878.666666666668,99305.09999999999,1.9337896660907659
0.2,0.24,100.0,0.35,-1856750.207656217,58011.8114624777,0.8051545816422365,0.825468412557278,0.565176765031139,94359.62187085563,76468.33333333333,75903.09999999999,1.9441116371451055
0.16,0.24,60.0,0.45,-1936065.6611360575,54667.785112377605,0.797151827618654,0.8485011945030889,0.6223040741095366,86160.3148876224,45096.0,95732.09999999999,1.9880358668740716
0.28,0.28,80.0,0.55,-1758973.888943657,60937.09012165685,0.8237499905625972,0.8467022026878013,0.6171560132035844,120901.20987834316,61044.0,120794.29999999999,2.0296281388075483
0.24,0.2,100.0,0.35,-1836100.9058149587,56264.57474413605,0.8273523613658442,0.8478969731492206,0.6191420597514815,97003.25858919728,76628.33333333333,76639.5,2.0840337676459626
0.28,0.24,100.0,0.45,-1844176.0602994503,57433.98178220645,0.8269928925974748,0.8469893742621015,0.5779725115200827,111492.61821779357,74090.0,94836.59999999999,2.099830982126703
0.24,0.2,40.0,0.55,-1787516.262664522,59564.04884714672,0.8293963058412702,0.8568793028453151,0.6543472000486891,95451.3511528533,31228.0,123787.40000000001,2.1051929918434116
0.28,0.2,80.0,0.45,-1799173.9033574676,57849.621856048085,0.8494730947986987,0.8475232207501987,0.6171560132035844,102242.0781439519,61044.0,99047.7,2.194934132106674
0.2,0.2,60.0,0.45,-2009035.7780094098,55368.294846775556,0.8173874854839923,0.8562261497099076,0.6477539299074693,89771.40515322443,46452.0,98687.7,2.2048749386970714
0.24,0.24,60.0,0.55,-2012245.7895326677,64308.25237264178,0.8171267561842971,0.877977766811011,0.6612463111175159,103213.94762735824,46025.0,121497.2,2.3562928505593
0.16,0.28,80.0,0.45,-2358088.846662124,64670.402026159536,0.7882081661115669,0.806773473645196,0.5801701663032971,93698.79797384045,61000.0,97369.2,2.3814304328672478
0.16,0.2,80.0,0.35,-2308664.63180234,57762.511572406096,0.8100466990871732,0.8266196733308663,0.5738139005602241,77541.92176092723,60353.333333333336,74951.09999999999,2.425188288607309
0.24,0.28,80.0,0.55,-2285592.941519369,68329.66038578907,0.7986377608921238,0.8310774559534297,0.5940025558710614,110596.20628087758,60398.666666666664,118527.2,2.4482500225329984
0.16,0.24,40.0,0.55,-2365135.651209289,64781.865502638015,0.7913145795875396,0.8425735466056764,0.6258580694545162,85203.40116402866,30540.666666666668,119444.59999999999,2.4713678768683964
0.2,0.24,80.0,0.45,-2304935.009534569,66192.01349565806,0.8014098424291557,0.841423456833704,0.6301018459519798,93337.2198376753,61293.333333333336,98235.90000000001,2.483540112629628
0.16,0.24,100.0,0.35,-2454303.230416413,61498.971368277475,0.7949240390314539,0.8181957914634873,0.5920388871840871,89450.19529838918,76171.66666666667,74777.5,2.500607761111022
0.24,0.2,80.0,0.45,-2228831.604261558,64167.48449604004,0.8223168534511647,0.8578498381352343,0.6198423398635263,95045.74883729329,60941.333333333336,98271.90000000001,2.5454862460955514
0.2,0.28,100.0,0.45,-2489450.772623337,70556.59630647994,0.779912045949232,0.8258564574178617,0.5661369672077678,103230.50369352005,76660.0,97127.09999999999,2.5515809261153883
0.28,0.2,60.0,0.55,-2183350.46421373,63879.455607898904,0.8383109387891704,0.8406591533279202,0.6095938400794516,104352.84439210109,46228.0,122004.3,2.558707959579718
0.24,0.24,100.0,0.45,-2476068.777686097,67624.13996066648,0.8012460531465809,0.8212072635814294,0.5845334023559969,106543.36003933352,76585.0,97582.5,2.6275800232312427
0.2,0.24,60.0,0.55,-2551936.460572403,67457.80367920926,0.787728638952968,0.8409410169728057,0.6136818215319554,96755.49632079077,45828.0,118385.3,2.6601473649240512
0.2,0.2,40.0,0.55,-2465745.865096218,67349.67502869993,0.8069859054245478,0.8330873033587592,0.6061758227650208,87139.99163796673,31388.666666666668,123101.0,2.672711654544159
0.16,0.28,100.0,0.45,-2779953.708836343,66717.7942423222,0.7622899266289656,0.8242974038361619,0.627099681790039,100670.63909101114,74878.33333333333,92510.09999999999,2.6948450186018187
0.2,0.2,100.0,0.35,-2534060.5598930432,67205.48903872275,0.8051545816422365,0.825468412557278,0.565176765031139,85165.94429461058,76468.33333333333,75903.09999999999,2.7133587651443825
0.16,0.2,60.0,0.45,-2604990.1947301645,63790.6339892566,0.797151827618654,0.8485011945030889,0.6223040741095366,77037.46601074339,45096.0,95732.09999999999,2.748188889236969
0.28,0.24,80.0,0.55,-2436289.8961505615,70266.65598885248,0.8237499905625972,0.8467022026878013,0.6171560132035844,111571.64401114754,61044.0,120794.29999999999,2.8002398046864085
0.28,0.28,100.0,0.55,-2467542.705760307,76863.14834451403,0.8111084109383221,0.8530550029515349,0.6310247225799417,117538.45165548596,75430.0,118971.59999999999,2.834313660634586
0.16,0.28,60.0,0.55,-2761385.234065386,72668.8213963228,0.7835135858243918,0.8223914763321641,0.5827103684113238,92758.0786036772,45836.0,119590.90000000001,2.8593169155354294
0.28,0.2,100.0,0.45,-2518775.220656604,66729.85157492662,0.8269928925974748,0.8469893742621015,0.5779725115200827,102196.74842507338,74090.0,94836.59999999999,2.867388840411058
0.2,0.28,80.0,0.55,-2921789.3766112938,78032.33339937113,0.7775440881314116,0.8472969208775573,0.6339749525713992,103269.86660062887,61576.0,119726.2,3.0873500810447254
0.16,0.24,80.0,0.45,-3016496.6217642673,73631.10092588469,0.7882081661115669,0.806773473645196,0.5801701663032971,84738.09907411532,61000.0,97369.2,3.1294451969666417
0.24,0.2,60.0,0.55,-2697064.515849544,73582.2293016935,0.8171267561842971,0.877977766811011,0.6612463111175159,93939.97069830651,46025.0,121497.2,3.1338513461666935
0.16,0.28,80.0,0.55,-3257617.502039809,74250.36500763621,0.750306432791836,0.820057523012616,0.6013118528206952,97091.93499236378,59260.0,112082.3,3.167453794788555
0.24,0.24,80.0,0.55,-2959919.9546945617,77431.66959203761,0.7986377608921238,0.8310774559534297,0.5940025558710614,101494.19707462906,60398.666666666664,118527.2,3.2135971277706767
0.16,0.2,40.0,0.55,-3035882.693874587,73788.70165198827,0.7913145795875396,0.8425735466056764,0.6258580694545162,76196.5650146784,30540.666666666668,119444.59999999999,3.232183281027196
0.2,0.2,80.0,0.45,-2984031.803217633,75262.20847289149,0.8014098424291557,0.841423456833704,0.6301018459519798,84267.02486044184,61293.333333333336,98235.90000000001,3.2533388560850263
0.16,0.2,100.0,0.35,-3123856.1454167324,70983.28676536294,0.7949240390314539,0.8181957914634873,0.5920388871840871,79965.87990130372,76171.66666666667,74777.5,3.265003830082196
0.2,0.24,100.0,0.45,-3164042.5774574014,79682.26533851128,0.779912045949232,0.8258564574178617,0.5661369672077678,94104.83466148873,76660.0,97127.09999999999,3.3174294212697664
0.24,0.2,100.0,0.45,-3161014.5114049944,77189.69983454744,0.8012460531465809,0.8212072635814294,0.5845334023559969,96977.80016545257,76585.0,97582.5,3.40818135568895
0.24,0.28,100.0,0.55,-3211135.1651070616,83577.53872208182,0.783279079648404,0.8275328661072789,0.6046116070482784,111458.86127791817,76320.0,118716.40000000001,3.4270297623289983
0.2,0.2,60.0,0.55,-3237603.2307746634,76869.79685662595,0.787728638952968,0.8409410169728057,0.6136818215319554,87343.50314337405,45828.0,118385.3,3.439934066900479
0.16,0.24,100.0,0.45,-3458979.3357854486,76386.17685724449,0.7622899266289656,0.8242974038361619,0.627099681790039,91002.25647608885,74878.33333333333,92510.09999999999,3.4705544717001473
0.28,0.2,80.0,0.55,-3113605.9033574685,79596.2218560481,0.8237499905625972,0.8467022026878013,0.6171560132035844,102242.0781439519,61044.0,120794.29999999999,3.5708514705652723
0.16,0.24,60.0,0.55,-3417845.1314571034,81532.12641052627,0.7835135858243918,0.8223914763321641,0.5827103684113238,83894.77358947373,45836.0,119590.90000000001,3.604409863069181
0.28,0.24,100.0,0.55,-3147851.678177817,85899.09273087495,0.8111084109383221,0.8530550029515349,0.6310247225799417,108502.50726912504,75430.0,118971.59999999999,3.6049820769157055
0.2,0.24,80.0,0.55,-3600805.7669267305,87149.55610753574,0.7775440881314116,0.8472969208775573,0.6339749525713992,94152.64389246427,61576.0,119726.2,3.8575386984418083
0.16,0.2,80.0,0.45,-3674904.3968664133,82591.79982560982,0.7882081661115669,0.806773473645196,0.5801701663032971,75777.40017439018,61000.0,97369.2,3.87745996106604
0.16,0.28,100.0,0.55,-3921020.197435295,86789.26249065834,0.7441691903711103,0.8101044471028976,0.5842292096103482,99813.83750934165,74875.0,111728.09999999999,3.9013165338426674
0.16,0.24,80.0,0.55,-3924807.380633568,83530.11536653391,0.750306432791836,0.820057523012616,0.6013118528206952,87812.18463346611,59260.0,112082.3,3.927441176971292
0.24,0.2,80.0,0.55,-3634246.9678697544,86533.67879828613,0.7986377608921238,0.8310774559534297,0.5940025558710614,92392.18786838056,60398.666666666664,118527.2,3.978944233008354
0.2,0.28,100.0,0.55,-3838531.837698017,88728.52235108988,0.7689305083275647,0.8228844246324413,0.6196116468155779,105787.54431557679,76426.66666666667,118089.40000000001,4.010547960335323
0.2,0.2,100.0,0.45,-3838634.382291475,88807.9343705426,0.779912045949232,0.8258564574178617,0.5661369672077678,84979.1656294574,76660.0,97127.09999999999,4.083277916424153
0.24,0.24,100.0,0.55,-3885136.8137284145,92772.71329142623,0.783279079648404,0.8275328661072789,0.6046116070482784,102263.68670857378,76320.0,118716.40000000001,4.192983156643796
0.16,0.2,100.0,0.45,-4138004.9627345577,86054.55947216676,0.7622899266289656,0.8242974038361619,0.627099681790039,81333.87386116658,74878.33333333333,92510.09999999999,4.246263924798479
0.16,0.2,60.0,0.55,-4074305.028848806,90395.43142472972,0.7835135858243918,0.8223914763321641,0.5827103684113238,75031.46857527028,45836.0,119590.90000000001,4.349502810602918
0.28,0.2,100.0,0.55,-3828160.650595334,94935.03711723587,0.8111084109383221,0.8530550029515349,0.6310247225799417,99466.5628827641,75430.0,118971.59999999999,4.375650493196832
0.2,0.2,80.0,0.55,-4279822.157242176,96266.77881570032,0.7775440881314116,0.8472969208775573,0.6339749525713992,85035.42118429967,61576.0,119726.2,4.6277273158389
0.16,0.24,100.0,0.55,-4602218.2136885,96378.1436940009,0.7441691903711103,0.8101044471028976,0.5842292096103482,90224.95630599909,74875.0,111728.09999999999,4.6784033621292975
0.16,0.2,80.0,0.55,-4591997.2592273215,92809.86572543158,0.750306432791836,0.820057523012616,0.6013118528206952,78532.43427456841,59260.0,112082.3,4.6874285591540215
0.2,0.24,100.0,0.55,-4505487.050425936,98082.95263455546,0.7689305083275647,0.8228844246324413,0.6196116468155779,96433.1140321112,76426.66666666667,118089.40000000001,4.771047475897898
0.24,0.2,100.0,0.55,-4559138.462349773,101967.88786077061,0.783279079648404,0.8275328661072789,0.6046116070482784,93068.5121392294,76320.0,118716.40000000001,4.958936550958598
0.16,0.2,100.0,0.55,-5283416.229941714,105967.02489734346,0.7441691903711103,0.8101044471028976,0.5842292096103482,80636.07510265654,74875.0,111728.09999999999,5.4554901904159365
0.2,0.2,100.0,0.55,-5172442.263153861,107437.38291802106,0.7689305083275647,0.8228844246324413,0.6196116468155779,87078.68374864564,76426.66666666667,118089.40000000001,5.53154699146048
